weekday,speed
0,11.247530008087914
1,11.359906422778078
2,11.36126887846716
3,11.243344118082163
4,11.06781035147058
5,10.057636645333783
6,10.154987363864873
