gender,speed
1,11.50277053854476
2,10.36755030330728
